<?xml version="1.0" encoding="UTF-8"?>
<project-private xmlns="http://www.netbeans.org/ns/project-private/1">
    <editor-bookmarks xmlns="http://www.netbeans.org/ns/editor-bookmarks/2" lastBookmarkId="0"/>
    <open-files xmlns="http://www.netbeans.org/ns/projectui-open-files/2">
        <group>
            <file>file:/C:/Users/bcrep/OneDrive/Documentos/NetBeansProjects/trabalho_String/src/trabalho_string/atv5/atv5.java</file>
            <file>file:/C:/Users/bcrep/OneDrive/Documentos/NetBeansProjects/trabalho_String/src/trabalho_string/atv3/atv3.java</file>
            <file>file:/C:/Users/bcrep/OneDrive/Documentos/NetBeansProjects/trabalho_String/src/trabalho_string/atv4/atv4.java</file>
            <file>file:/C:/Users/bcrep/OneDrive/Documentos/NetBeansProjects/trabalho_String/src/trabalho_string/atv1/atv1.java</file>
            <file>file:/C:/Users/bcrep/OneDrive/Documentos/NetBeansProjects/trabalho_String/src/trabalho_string/atv2/atv2.java</file>
        </group>
    </open-files>
</project-private>
